timestamp,team,ltp,delta,rolling_avg,volatility,signal,prediction
1735487565508,Wellington Firebirds,1.75,0.0,1.75,0.0,,DOWN
1735487588633,Northern Brave,1.7,0.0,1.7,0.0,,DOWN
1735507033366,Wellington Firebirds,1.74,-0.01,1.745,0.007,,UP
1735554645025,Northern Brave,1.87,0.17,1.785,0.12,SPIKE,DOWN
1735554645025,Wellington Firebirds,1.8,0.06,1.763,0.032,,DOWN
1735554698567,Northern Brave,1.9,0.03,1.823,0.108,SPIKE,DOWN
1735554698567,Wellington Firebirds,1.78,-0.02,1.768,0.028,,DOWN
1735554764233,Wellington Firebirds,1.82,0.04,1.778,0.033,,DOWN
1735558108781,Northern Brave,2.32,0.42,1.948,0.263,SPIKE,DOWN
1735558108781,Wellington Firebirds,1.76,-0.06,1.78,0.032,,UP
1735648224305,Wellington Firebirds,1.94,0.18,1.82,0.071,,DOWN
1735652071222,Northern Brave,2.3,-0.02,2.018,0.277,SPIKE,DOWN
1735652071222,Wellington Firebirds,1.77,-0.17,1.814,0.074,,UP
1735652185439,Wellington Firebirds,1.85,0.08,1.828,0.073,,DOWN
1735655618330,Wellington Firebirds,1.76,-0.09,1.816,0.079,,UP
1735655807017,Wellington Firebirds,1.75,-0.01,1.814,0.081,,UP
1735658007314,Wellington Firebirds,1.85,0.1,1.796,0.05,,DOWN
1735658151436,Wellington Firebirds,1.75,-0.1,1.792,0.053,,UP
1735658734034,Northern Brave,2.16,-0.14,2.11,0.215,SPIKE,DOWN
1735658734034,Wellington Firebirds,1.85,0.1,1.792,0.053,,DOWN
1735660264364,Northern Brave,2.22,0.06,2.18,0.169,SPIKE,DOWN
1735660264364,Wellington Firebirds,1.81,-0.04,1.802,0.05,,DOWN
1735660663093,Northern Brave,2.26,0.04,2.252,0.064,,DOWN
1735660840041,Wellington Firebirds,1.84,0.03,1.82,0.042,,DOWN
1735661321442,Northern Brave,2.3,0.04,2.248,0.059,,DOWN
1735661321442,Wellington Firebirds,1.77,-0.07,1.804,0.043,,UP
1735661361804,Wellington Firebirds,1.83,0.06,1.82,0.032,,DOWN
1735662833122,Northern Brave,2.18,-0.12,2.224,0.057,,UP
1735662833122,Wellington Firebirds,1.84,0.01,1.818,0.029,,DOWN
1735664356654,Wellington Firebirds,1.77,-0.07,1.81,0.037,,UP
1735664858226,Northern Brave,2.2,0.02,2.232,0.048,,UP
1735664858226,Wellington Firebirds,1.84,0.07,1.81,0.037,,DOWN
1735665898268,Wellington Firebirds,1.78,-0.06,1.812,0.034,,UP
1735667468090,Northern Brave,2.16,-0.04,2.22,0.058,,UP
1735667468090,Wellington Firebirds,1.85,0.07,1.816,0.038,,DOWN
1735670499273,Wellington Firebirds,1.76,-0.09,1.8,0.042,,UP
1735672112847,Wellington Firebirds,1.85,0.09,1.816,0.043,,DOWN
1735675903213,Wellington Firebirds,1.76,-0.09,1.8,0.046,,UP
1735675917320,Wellington Firebirds,1.75,-0.01,1.794,0.051,,UP
1735677877550,Northern Brave,2.32,0.16,2.232,0.073,,DOWN
1735678523017,Northern Brave,2.22,-0.1,2.216,0.062,,DOWN
1735680104328,Northern Brave,2.2,-0.02,2.22,0.06,,UP
1735680133559,Wellington Firebirds,1.83,0.08,1.79,0.046,,DOWN
1735683044451,Wellington Firebirds,1.85,0.02,1.808,0.049,,DOWN
1735683810062,Wellington Firebirds,1.89,0.04,1.816,0.06,,DOWN
1735684233710,Northern Brave,2.12,-0.08,2.204,0.075,,UP
1735684233710,Wellington Firebirds,1.88,-0.01,1.84,0.056,,DOWN
1735684294587,Northern Brave,2.14,0.02,2.2,0.079,,UP
1735684573976,Northern Brave,2.04,-0.1,2.144,0.071,,UP
1735684573976,Wellington Firebirds,1.92,0.04,1.874,0.035,,DOWN
1735684846866,Northern Brave,2.06,0.02,2.112,0.064,,UP
1735684987772,Northern Brave,2.04,-0.02,2.08,0.047,,UP
1735684987772,Wellington Firebirds,1.97,0.05,1.902,0.045,,DOWN
1735685742976,Northern Brave,2.08,0.04,2.072,0.041,,DOWN
1735685926088,Northern Brave,2.1,0.02,2.064,0.026,,DOWN
1735685926088,Wellington Firebirds,1.91,-0.06,1.914,0.035,,UP
1735686461556,Northern Brave,2.12,0.02,2.08,0.032,,DOWN
1735686461556,Wellington Firebirds,1.89,-0.02,1.914,0.035,,UP
1735689913554,Northern Brave,2.14,0.02,2.096,0.038,,DOWN
1735691084885,Wellington Firebirds,1.9,0.01,1.918,0.031,,UP
1735691646819,Wellington Firebirds,1.87,-0.03,1.908,0.038,,UP
1735693542313,Northern Brave,2.12,-0.02,2.112,0.023,,DOWN
1735693784477,Wellington Firebirds,1.9,0.03,1.894,0.015,,DOWN
1735693899190,Northern Brave,2.14,0.02,2.124,0.017,,DOWN
1735693899190,Wellington Firebirds,1.87,-0.03,1.886,0.015,,UP
1735694351012,Northern Brave,2.08,-0.06,2.12,0.024,,UP
1735694648091,Northern Brave,2.14,0.06,2.124,0.026,,DOWN
1735694744709,Northern Brave,2.18,0.04,2.132,0.036,,DOWN
1735694744709,Wellington Firebirds,1.85,-0.02,1.878,0.022,,UP
1735694791342,Northern Brave,2.24,0.06,2.156,0.059,,DOWN
1735694791342,Wellington Firebirds,1.8,-0.05,1.858,0.037,,UP
1735695578259,Wellington Firebirds,1.81,0.01,1.846,0.042,,UP
1735695741950,Northern Brave,2.12,-0.12,2.152,0.061,,UP
1735695741950,Wellington Firebirds,1.9,0.09,1.846,0.042,,DOWN
1735696898340,Northern Brave,2.16,0.04,2.168,0.046,,UP
1735696963699,Wellington Firebirds,1.84,-0.06,1.84,0.039,,DOWN
1735697174424,Wellington Firebirds,1.81,-0.03,1.832,0.041,,UP
1735697295718,Wellington Firebirds,1.84,0.03,1.84,0.037,,DOWN
1735697563654,Northern Brave,2.18,0.02,2.176,0.043,,DOWN
1735697683161,Wellington Firebirds,1.86,0.02,1.85,0.033,,DOWN
1735697702183,Wellington Firebirds,1.85,-0.01,1.84,0.019,,DOWN
1735697853749,Northern Brave,2.16,-0.02,2.172,0.044,,UP
1735697853749,Wellington Firebirds,1.86,0.01,1.844,0.021,,DOWN
1735697914696,Northern Brave,2.18,0.02,2.16,0.024,,DOWN
1735697914696,Wellington Firebirds,1.81,-0.05,1.844,0.021,,UP
1735698508491,Northern Brave,2.2,0.02,2.176,0.017,,DOWN
1735698508491,Wellington Firebirds,1.83,0.02,1.842,0.022,,UP
1735699118387,Northern Brave,2.16,-0.04,2.176,0.017,,UP
1735699118387,Wellington Firebirds,1.86,0.03,1.842,0.022,,DOWN
1735699156808,Wellington Firebirds,1.85,-0.01,1.842,0.022,,DOWN
1735699300868,Wellington Firebirds,1.81,-0.04,1.832,0.023,,UP
1735699357186,Wellington Firebirds,1.85,0.04,1.84,0.02,,DOWN
1735699425895,Northern Brave,2.2,0.04,2.18,0.02,,DOWN
1735699425895,Wellington Firebirds,1.83,-0.02,1.84,0.02,,UP
1735699480837,Northern Brave,2.18,-0.02,2.184,0.017,,UP
1735699480837,Wellington Firebirds,1.85,0.02,1.838,0.018,,DOWN
1735699660087,Wellington Firebirds,1.82,-0.03,1.832,0.018,,UP
1735699783901,Northern Brave,2.2,0.02,2.188,0.018,,DOWN
1735699783901,Wellington Firebirds,1.85,0.03,1.84,0.014,,DOWN
1735699847156,Northern Brave,2.18,-0.02,2.184,0.017,,UP
1735700025618,Wellington Firebirds,1.84,-0.01,1.838,0.013,,DOWN
1735700146319,Wellington Firebirds,1.88,0.04,1.848,0.022,,DOWN
1735700206683,Wellington Firebirds,1.86,-0.02,1.85,0.022,,DOWN
1735700256126,Northern Brave,2.04,-0.14,2.16,0.068,,UP
1735700256126,Wellington Firebirds,1.89,0.03,1.864,0.021,,DOWN
1735700325462,Wellington Firebirds,1.96,0.07,1.886,0.046,,DOWN
1735700446920,Northern Brave,1.97,-0.07,2.114,0.103,,UP
1735700489552,Northern Brave,2.06,0.09,2.09,0.097,,UP
1735700489552,Wellington Firebirds,1.94,-0.02,1.906,0.042,,DOWN
1735700608246,Northern Brave,2.04,-0.02,2.058,0.076,,UP
1735700608246,Wellington Firebirds,1.96,0.02,1.922,0.045,,DOWN
1735700687020,Northern Brave,2.06,0.02,2.034,0.037,,DOWN
1735700744065,Wellington Firebirds,1.94,-0.02,1.938,0.029,,DOWN
1735700805441,Northern Brave,2.04,-0.02,2.034,0.037,,DOWN
1735700805441,Wellington Firebirds,1.96,0.02,1.952,0.011,,DOWN
1735700926116,Northern Brave,1.92,-0.12,2.024,0.059,,UP
1735700926116,Wellington Firebirds,2.08,0.12,1.976,0.059,,DOWN
1735700986967,Northern Brave,1.82,-0.1,1.976,0.103,SPIKE,UP
1735700986967,Wellington Firebirds,2.2,0.12,2.028,0.111,SPIKE,DOWN
1735701047050,Northern Brave,1.84,0.02,1.936,0.111,SPIKE,UP
1735701106756,Wellington Firebirds,2.18,-0.02,2.072,0.12,SPIKE,DOWN
1735701167116,Northern Brave,1.88,0.04,1.9,0.087,,UP
1735701167116,Wellington Firebirds,2.16,-0.02,2.116,0.098,SPIKE,DOWN
1735701225259,Northern Brave,1.86,-0.02,1.864,0.038,,UP
1735701225259,Wellington Firebirds,2.12,-0.04,2.148,0.048,,UP
1735701285044,Northern Brave,1.87,0.01,1.854,0.024,,DOWN
1735701285044,Wellington Firebirds,2.16,0.04,2.164,0.03,,UP
1735701347027,Northern Brave,1.82,-0.05,1.854,0.024,,UP
1735701347027,Wellington Firebirds,2.2,0.04,2.164,0.03,,DOWN
1735701406282,Northern Brave,1.83,0.01,1.852,0.026,,UP
1735701467104,Northern Brave,1.8,-0.03,1.836,0.029,,UP
1735701526156,Northern Brave,1.82,0.02,1.828,0.026,,UP
1735701586569,Wellington Firebirds,2.22,0.02,2.172,0.039,,DOWN
1735701647094,Northern Brave,1.83,0.01,1.82,0.012,,DOWN
1735701647094,Wellington Firebirds,2.2,-0.02,2.18,0.04,,DOWN
1735701707057,Northern Brave,1.74,-0.09,1.804,0.038,,UP
1735701707057,Wellington Firebirds,2.34,0.14,2.224,0.068,,DOWN
1735701766499,Northern Brave,1.76,0.02,1.79,0.039,,UP
1735701766499,Wellington Firebirds,2.3,-0.04,2.252,0.064,,DOWN
1735701826155,Northern Brave,1.79,0.03,1.788,0.038,,DOWN
1735701826155,Wellington Firebirds,2.24,-0.06,2.26,0.058,,UP
1735701886823,Northern Brave,1.8,0.01,1.784,0.035,,DOWN
1735701946875,Northern Brave,1.74,-0.06,1.766,0.028,,UP
1735701946875,Wellington Firebirds,2.32,0.08,2.28,0.058,,DOWN
1735702007056,Northern Brave,1.86,0.12,1.79,0.046,,DOWN
1735702007056,Wellington Firebirds,2.2,-0.12,2.28,0.058,,UP
1735702067119,Northern Brave,1.75,-0.11,1.788,0.048,,UP
1735702067119,Wellington Firebirds,2.32,0.12,2.276,0.054,,DOWN
1735702126865,Northern Brave,1.8,0.05,1.79,0.048,,DOWN
1735702126865,Wellington Firebirds,2.26,-0.06,2.268,0.052,,UP
1735702187142,Northern Brave,1.77,-0.03,1.784,0.048,,UP
1735702187142,Wellington Firebirds,2.28,0.02,2.276,0.05,,DOWN
1735702246980,Northern Brave,1.63,-0.14,1.762,0.085,SPIKE,UP
1735702246980,Wellington Firebirds,2.58,0.3,2.328,0.147,SPIKE,DOWN
1735702307134,Northern Brave,1.52,-0.11,1.694,0.117,SPIKE,UP
1735702307134,Wellington Firebirds,2.94,0.36,2.476,0.29,SPIKE,DOWN
1735702367071,Northern Brave,1.47,-0.05,1.638,0.147,SPIKE,UP
1735702367071,Wellington Firebirds,3.1,0.16,2.632,0.38,SPIKE,DOWN
1735702426918,Northern Brave,1.52,0.05,1.582,0.12,SPIKE,UP
1735702426918,Wellington Firebirds,2.92,-0.18,2.764,0.33,SPIKE,DOWN
1735702487108,Northern Brave,1.53,0.01,1.534,0.059,,UP
1735702487108,Wellington Firebirds,2.88,-0.04,2.884,0.189,SPIKE,UP
1735702547130,Northern Brave,1.56,0.03,1.52,0.032,,DOWN
1735702547130,Wellington Firebirds,2.78,-0.1,2.924,0.116,,UP
1735702606921,Northern Brave,1.53,-0.03,1.522,0.033,,DOWN
1735702606921,Wellington Firebirds,2.88,0.1,2.912,0.117,,UP
1735702666990,Northern Brave,1.51,-0.02,1.53,0.019,,UP
1735702666990,Wellington Firebirds,2.96,0.08,2.884,0.067,,DOWN
1735702727148,Northern Brave,1.59,0.08,1.544,0.031,,DOWN
1735702727148,Wellington Firebirds,2.68,-0.28,2.836,0.108,,UP
1735702787025,Northern Brave,1.55,-0.04,1.548,0.03,,DOWN
1735702787025,Wellington Firebirds,2.8,0.12,2.82,0.106,,UP
1735702846370,Wellington Firebirds,2.78,-0.02,2.82,0.106,,UP
1735702907103,Northern Brave,1.58,0.03,1.552,0.033,,DOWN
1735702907103,Wellington Firebirds,2.8,0.02,2.804,0.1,,UP
1735702967000,Wellington Firebirds,2.68,-0.12,2.748,0.063,,UP
1735703086936,Northern Brave,1.59,0.01,1.564,0.034,,DOWN
1735703146995,Northern Brave,1.58,-0.01,1.578,0.016,,DOWN
1735703146995,Wellington Firebirds,2.72,0.04,2.756,0.054,,UP
1735703207155,Northern Brave,1.63,0.05,1.586,0.029,,DOWN
1735703207155,Wellington Firebirds,2.56,-0.16,2.708,0.095,,UP
1735703267153,Northern Brave,1.73,0.1,1.622,0.064,,DOWN
1735703267153,Wellington Firebirds,2.34,-0.22,2.62,0.179,SPIKE,UP
1735703327118,Wellington Firebirds,2.38,0.04,2.536,0.172,SPIKE,UP
1735703386943,Northern Brave,1.78,0.05,1.662,0.089,SPIKE,DOWN
1735703386943,Wellington Firebirds,2.28,-0.1,2.456,0.181,SPIKE,UP
1735703446851,Northern Brave,1.77,-0.01,1.698,0.089,SPIKE,DOWN
1735703507110,Wellington Firebirds,2.3,0.02,2.372,0.112,SPIKE,UP
1735703566983,Northern Brave,1.9,0.13,1.762,0.097,SPIKE,DOWN
1735703566983,Wellington Firebirds,2.1,-0.2,2.28,0.108,SPIKE,UP
1735703626821,Northern Brave,1.64,-0.26,1.764,0.094,,UP
1735703626821,Wellington Firebirds,2.56,0.46,2.324,0.167,,DOWN
1735703687103,Northern Brave,1.55,-0.09,1.728,0.136,SPIKE,UP
1735703687103,Wellington Firebirds,2.8,0.24,2.408,0.274,SPIKE,DOWN
1735703747113,Northern Brave,1.58,0.03,1.688,0.145,SPIKE,UP
1735703747113,Wellington Firebirds,2.72,-0.08,2.496,0.292,SPIKE,DOWN
1735703807145,Northern Brave,1.55,-0.03,1.644,0.148,SPIKE,UP
1735703807145,Wellington Firebirds,2.8,0.08,2.596,0.294,SPIKE,DOWN
1735703866819,Northern Brave,1.52,-0.03,1.568,0.045,,UP
1735703866819,Wellington Firebirds,3.0,0.2,2.776,0.159,SPIKE,DOWN
1735703927079,Northern Brave,1.49,-0.03,1.538,0.034,,UP
1735704046584,Northern Brave,1.5,0.01,1.528,0.037,,UP
1735704107158,Northern Brave,1.35,-0.15,1.482,0.077,SPIKE,UP
1735704107158,Wellington Firebirds,3.85,0.85,3.034,0.468,SPIKE,DOWN
1735704167082,Northern Brave,1.34,-0.01,1.44,0.087,SPIKE,UP
1735704227157,Northern Brave,1.35,0.01,1.406,0.081,,UP
1735704227157,Wellington Firebirds,3.75,-0.1,3.224,0.537,SPIKE,DOWN
1735704287103,Northern Brave,1.33,-0.02,1.374,0.071,SPIKE,UP
1735704287103,Wellington Firebirds,4.0,0.25,3.48,0.542,SPIKE,DOWN
1735704346855,Northern Brave,1.38,0.05,1.35,0.019,,DOWN
1735704346855,Wellington Firebirds,3.6,-0.4,3.64,0.386,SPIKE,UP
1735704406922,Northern Brave,1.37,-0.01,1.354,0.021,,DOWN
1735704406922,Wellington Firebirds,3.7,0.1,3.78,0.152,,UP
1735704467076,Northern Brave,1.4,0.03,1.366,0.027,,DOWN
1735704467076,Wellington Firebirds,3.6,-0.1,3.73,0.164,,UP
1735704526965,Wellington Firebirds,3.5,-0.1,3.68,0.192,SPIKE,UP
1735704587112,Wellington Firebirds,3.55,0.05,3.59,0.074,,UP
1735704647071,Northern Brave,1.25,-0.15,1.346,0.059,,UP
1735704647071,Wellington Firebirds,5.0,1.45,3.87,0.636,SPIKE,DOWN
1735704707125,Northern Brave,1.26,0.01,1.332,0.071,,UP
1735704707125,Wellington Firebirds,4.8,-0.2,4.09,0.744,SPIKE,DOWN
1735704767118,Northern Brave,1.23,-0.03,1.302,0.077,SPIKE,UP
1735704767118,Wellington Firebirds,5.2,0.4,4.41,0.82,SPIKE,DOWN
1735704827157,Northern Brave,1.25,0.02,1.278,0.069,SPIKE,UP
1735704827157,Wellington Firebirds,4.9,-0.3,4.69,0.654,SPIKE,DOWN
1735704887149,Northern Brave,1.24,-0.01,1.246,0.011,,UP
1735704887149,Wellington Firebirds,5.1,0.2,5.0,0.158,,DOWN
1735704947083,Northern Brave,1.25,0.01,1.246,0.011,,DOWN
1735704947083,Wellington Firebirds,5.0,-0.1,5.0,0.158,,DOWN
1735705066693,Northern Brave,1.27,0.02,1.248,0.015,,DOWN
1735705066693,Wellington Firebirds,4.7,-0.3,4.98,0.192,,UP
1735705126828,Northern Brave,1.28,0.01,1.258,0.016,,DOWN
1735705126828,Wellington Firebirds,4.5,-0.2,4.84,0.241,,UP
1735705187092,Northern Brave,1.32,0.04,1.272,0.031,,DOWN
1735705187092,Wellington Firebirds,5.0,0.5,4.86,0.251,,DOWN
1735705247143,Northern Brave,1.38,0.06,1.3,0.051,SPIKE,DOWN
1735705247143,Wellington Firebirds,3.9,-1.1,4.62,0.455,SPIKE,UP
1735705307029,Wellington Firebirds,3.55,-0.35,4.33,0.593,SPIKE,UP
1735705367084,Northern Brave,1.47,0.09,1.344,0.083,SPIKE,DOWN
1735705367084,Wellington Firebirds,3.1,-0.45,4.01,0.754,SPIKE,UP
1735705426871,Northern Brave,1.45,-0.02,1.38,0.082,SPIKE,DOWN
1735705426871,Wellington Firebirds,3.25,0.15,3.76,0.758,SPIKE,UP
1735705487123,Wellington Firebirds,3.2,-0.05,3.4,0.326,SPIKE,UP
1735705546268,Northern Brave,1.43,-0.02,1.41,0.06,,DOWN
1735705546268,Wellington Firebirds,3.3,0.1,3.28,0.168,,DOWN
1735705666999,Northern Brave,1.51,0.08,1.448,0.048,,DOWN
1735705666999,Wellington Firebirds,2.98,-0.32,3.166,0.128,,UP
1735705726813,Northern Brave,1.58,0.07,1.488,0.059,,DOWN
1735705726813,Wellington Firebirds,2.8,-0.18,3.106,0.21,SPIKE,UP
1735705786979,Northern Brave,1.59,0.01,1.512,0.073,,DOWN
1735705786979,Wellington Firebirds,2.68,-0.12,2.992,0.261,SPIKE,UP
1735705847094,Northern Brave,1.61,0.02,1.544,0.074,SPIKE,DOWN
1735705847094,Wellington Firebirds,2.62,-0.06,2.876,0.274,SPIKE,UP
1735705907051,Northern Brave,1.59,-0.02,1.576,0.038,,DOWN
1735705907051,Wellington Firebirds,2.68,0.06,2.752,0.143,SPIKE,UP
1735705967135,Northern Brave,1.61,0.02,1.596,0.013,,DOWN
1735705967135,Wellington Firebirds,2.62,-0.06,2.68,0.073,,UP
1735706027002,Wellington Firebirds,2.64,0.02,2.648,0.03,,UP
1735706086960,Northern Brave,1.6,-0.01,1.6,0.01,,DOWN
1735706086960,Wellington Firebirds,2.66,0.02,2.644,0.026,,DOWN
1735706147096,Northern Brave,1.58,-0.02,1.598,0.013,,UP
1735706147096,Wellington Firebirds,2.72,0.06,2.664,0.038,,DOWN
1735706206824,Northern Brave,1.51,-0.07,1.578,0.04,,UP
1735706206824,Wellington Firebirds,2.92,0.2,2.712,0.122,SPIKE,DOWN
1735706267112,Northern Brave,1.36,-0.15,1.532,0.104,SPIKE,UP
1735706267112,Wellington Firebirds,3.7,0.78,2.928,0.446,SPIKE,DOWN
1735706327079,Northern Brave,1.37,0.01,1.484,0.114,SPIKE,UP
1735706327079,Wellington Firebirds,3.85,0.15,3.17,0.563,SPIKE,DOWN
1735706386829,Northern Brave,1.4,0.03,1.444,0.097,SPIKE,UP
1735706386829,Wellington Firebirds,3.5,-0.35,3.338,0.494,SPIKE,DOWN
1735706446904,Northern Brave,1.42,0.02,1.412,0.06,,DOWN
1735706446904,Wellington Firebirds,3.3,-0.2,3.454,0.363,SPIKE,UP
1735706506763,Northern Brave,1.43,0.01,1.396,0.03,,DOWN
1735706566717,Northern Brave,1.4,-0.03,1.404,0.023,,UP
1735706566717,Wellington Firebirds,3.5,0.2,3.57,0.211,,UP
1735706627103,Northern Brave,1.37,-0.03,1.404,0.023,,UP
1735706627103,Wellington Firebirds,3.6,0.1,3.55,0.2,,DOWN
1735706686954,Northern Brave,1.38,0.01,1.4,0.025,,UP
1735706686954,Wellington Firebirds,3.55,-0.05,3.49,0.114,,DOWN
1735706747108,Northern Brave,1.43,0.05,1.402,0.028,,DOWN
1735706747108,Wellington Firebirds,3.4,-0.15,3.47,0.12,,UP
1735706807166,Northern Brave,1.56,0.13,1.428,0.077,SPIKE,DOWN
1735706807166,Wellington Firebirds,2.8,-0.6,3.37,0.327,SPIKE,UP
1735706867093,Northern Brave,1.43,-0.13,1.434,0.076,,UP
1735706867093,Wellington Firebirds,3.5,0.7,3.37,0.327,,DOWN
1735706926662,Northern Brave,1.4,-0.03,1.44,0.07,,UP
1735706987126,Northern Brave,1.39,-0.01,1.442,0.068,,UP
1735706987126,Wellington Firebirds,3.55,0.05,3.36,0.319,,DOWN
1735707047164,Northern Brave,1.47,0.08,1.45,0.069,,DOWN
1735707047164,Wellington Firebirds,3.15,-0.4,3.28,0.309,,UP
1735707107140,Northern Brave,1.57,0.1,1.452,0.073,,DOWN
1735707107140,Wellington Firebirds,2.74,-0.41,3.148,0.379,,UP
1735707167112,Northern Brave,1.65,0.08,1.496,0.112,SPIKE,DOWN
1735707167112,Wellington Firebirds,2.54,-0.2,3.096,0.449,SPIKE,UP
1735707226758,Northern Brave,1.5,-0.15,1.516,0.099,,UP
1735707226758,Wellington Firebirds,2.5,-0.04,2.896,0.447,SPIKE,UP
1735707287151,Northern Brave,1.66,0.16,1.57,0.086,SPIKE,DOWN
1735707287151,Wellington Firebirds,2.52,0.02,2.69,0.275,SPIKE,UP
1735707347006,Northern Brave,1.5,-0.16,1.576,0.078,,UP
1735707347006,Wellington Firebirds,3.0,0.48,2.66,0.213,,DOWN
1735707406950,Northern Brave,1.47,-0.03,1.556,0.091,SPIKE,UP
1735707406950,Wellington Firebirds,3.1,0.1,2.732,0.293,SPIKE,DOWN
1735707467115,Northern Brave,1.56,0.09,1.538,0.076,,DOWN
1735707467115,Wellington Firebirds,3.15,0.05,2.854,0.319,SPIKE,DOWN
1735707527084,Northern Brave,1.73,0.17,1.584,0.109,,DOWN
1735707527084,Wellington Firebirds,2.36,-0.79,2.826,0.361,,UP
1735707587043,Northern Brave,1.67,-0.06,1.586,0.111,SPIKE,DOWN
1735707587043,Wellington Firebirds,2.48,0.12,2.818,0.37,SPIKE,UP
1735707647032,Northern Brave,1.56,-0.11,1.598,0.102,,UP
1735707647032,Wellington Firebirds,2.74,0.26,2.766,0.356,SPIKE,UP
1735707707094,Northern Brave,1.59,0.03,1.622,0.075,,UP
1735707707094,Wellington Firebirds,2.68,-0.06,2.682,0.303,SPIKE,UP
1735707767135,Northern Brave,1.58,-0.01,1.626,0.072,,UP
1735707826731,Northern Brave,1.57,-0.01,1.594,0.044,,UP
1735707826731,Wellington Firebirds,2.74,0.06,2.6,0.171,SPIKE,DOWN
1735707886287,Northern Brave,1.6,0.03,1.58,0.016,,DOWN
1735707886287,Wellington Firebirds,2.66,-0.08,2.66,0.107,,DOWN
1735707947134,Northern Brave,1.56,-0.04,1.58,0.016,,UP
1735707947134,Wellington Firebirds,2.82,0.16,2.728,0.063,,DOWN
1735708005693,Northern Brave,1.57,0.01,1.576,0.015,,UP
1735708005693,Wellington Firebirds,2.74,-0.08,2.728,0.063,,DOWN
1735708066795,Northern Brave,1.58,0.01,1.576,0.015,,DOWN
1735708066795,Wellington Firebirds,2.72,-0.02,2.736,0.057,,UP
1735708126663,Wellington Firebirds,2.74,0.02,2.736,0.057,,DOWN
1735708186724,Northern Brave,1.57,-0.01,1.576,0.015,,UP
1735708246866,Northern Brave,1.58,0.01,1.572,0.008,,DOWN
1735708246866,Wellington Firebirds,2.72,-0.02,2.748,0.041,,UP
1735708306022,Northern Brave,1.57,-0.01,1.574,0.005,,UP
1735708306022,Wellington Firebirds,2.76,0.04,2.736,0.017,,DOWN
1735708367062,Wellington Firebirds,2.74,-0.02,2.736,0.017,,DOWN
1735708427107,Northern Brave,1.61,0.04,1.582,0.016,,DOWN
1735708427107,Wellington Firebirds,2.62,-0.12,2.716,0.055,,UP
1735708486753,Northern Brave,1.62,0.01,1.59,0.023,,DOWN
1735708486753,Wellington Firebirds,2.6,-0.02,2.688,0.073,,UP
1735708547004,Northern Brave,1.54,-0.08,1.584,0.032,,UP
1735708547004,Wellington Firebirds,2.84,0.24,2.712,0.101,,DOWN
1735708606968,Northern Brave,1.46,-0.08,1.56,0.064,,UP
1735708606968,Wellington Firebirds,3.15,0.31,2.79,0.223,SPIKE,DOWN
1735708667006,Northern Brave,1.31,-0.15,1.508,0.128,SPIKE,UP
1735708667006,Wellington Firebirds,4.1,0.95,3.062,0.621,SPIKE,DOWN
1735708727064,Northern Brave,1.29,-0.02,1.444,0.143,SPIKE,UP
1735708727064,Wellington Firebirds,4.4,0.3,3.418,0.791,SPIKE,DOWN
1735708787077,Northern Brave,1.25,-0.04,1.37,0.124,SPIKE,UP
1735708787077,Wellington Firebirds,5.0,0.6,3.898,0.892,SPIKE,DOWN
1735708847077,Northern Brave,1.22,-0.03,1.306,0.093,SPIKE,UP
1735708847077,Wellington Firebirds,5.5,0.5,4.43,0.897,SPIKE,DOWN
1735708907100,Northern Brave,1.25,0.03,1.264,0.036,,UP
1735708907100,Wellington Firebirds,5.0,-0.5,4.8,0.552,SPIKE,DOWN
1735708966988,Northern Brave,1.24,-0.01,1.25,0.025,,UP
1735708966988,Wellington Firebirds,5.1,0.1,5.0,0.394,SPIKE,DOWN
1735709027152,Northern Brave,1.26,0.02,1.244,0.015,,DOWN
1735709027152,Wellington Firebirds,5.0,-0.1,5.12,0.217,,UP
1735709087002,Northern Brave,1.2,-0.06,1.234,0.024,,UP
1735709087002,Wellington Firebirds,6.2,1.2,5.36,0.513,SPIKE,DOWN
1735709147159,Northern Brave,1.11,-0.09,1.212,0.061,SPIKE,UP
1735709147159,Wellington Firebirds,10.0,3.8,6.26,2.151,SPIKE,DOWN
1735709207146,Northern Brave,1.06,-0.05,1.174,0.086,SPIKE,UP
1735709207146,Wellington Firebirds,17.5,7.5,8.76,5.292,SPIKE,DOWN
1735709266986,Northern Brave,1.07,0.01,1.14,0.087,SPIKE,UP
1735709266986,Wellington Firebirds,15.0,-2.5,10.74,5.43,SPIKE,DOWN
1735709387110,Northern Brave,1.06,-0.01,1.1,0.06,SPIKE,UP
1735709387110,Wellington Firebirds,17.5,2.5,13.24,4.986,SPIKE,DOWN
1735709447065,Northern Brave,1.08,0.02,1.076,0.021,,DOWN
1735709447065,Wellington Firebirds,13.5,-4.0,14.7,3.134,SPIKE,UP
1735709507016,Northern Brave,1.07,-0.01,1.068,0.008,,DOWN
1735709507016,Wellington Firebirds,15.0,1.5,15.7,1.754,SPIKE,UP
1735709567039,Northern Brave,1.09,0.02,1.074,0.011,,DOWN
1735709567039,Wellington Firebirds,12.5,-2.5,14.7,1.891,SPIKE,UP
1735709627125,Northern Brave,1.07,-0.02,1.074,0.011,,UP
1735709627125,Wellington Firebirds,13.5,1.0,14.4,1.949,SPIKE,UP
1735709687065,Northern Brave,1.08,0.01,1.078,0.008,,DOWN
1735709687065,Wellington Firebirds,13.0,-0.5,13.5,0.935,,UP
1735709746496,Wellington Firebirds,13.5,0.5,13.5,0.935,,DOWN
1735709806977,Northern Brave,1.14,0.06,1.09,0.029,,DOWN
1735709806977,Wellington Firebirds,8.0,-5.5,12.1,2.329,SPIKE,UP
1735709926962,Northern Brave,1.15,0.01,1.106,0.036,,DOWN
1735709926962,Wellington Firebirds,7.8,-0.2,11.16,2.984,SPIKE,UP
1735709987137,Northern Brave,1.13,-0.02,1.114,0.036,,DOWN
1735709987137,Wellington Firebirds,8.6,0.8,10.18,2.823,SPIKE,UP
1735710047109,Northern Brave,1.11,-0.02,1.122,0.028,,UP
1735710047109,Wellington Firebirds,9.2,0.6,9.42,2.346,SPIKE,UP
1735710107075,Northern Brave,1.12,0.01,1.13,0.016,,UP
1735710107075,Wellington Firebirds,8.6,-0.6,8.44,0.555,,DOWN
1735710167123,Northern Brave,1.13,0.01,1.128,0.015,,DOWN
1735710167123,Wellington Firebirds,8.0,-0.6,8.44,0.555,,UP
1735710287039,Northern Brave,1.1,-0.03,1.118,0.013,,UP
1735710287039,Wellington Firebirds,11.0,3.0,9.08,1.154,SPIKE,DOWN
1735710347107,Northern Brave,1.18,0.08,1.128,0.031,,DOWN
1735710347107,Wellington Firebirds,6.6,-4.4,8.68,1.616,SPIKE,UP
1735710407048,Wellington Firebirds,6.8,0.2,8.2,1.772,SPIKE,UP
1735710467024,Wellington Firebirds,6.6,-0.2,7.8,1.881,SPIKE,UP
1735710527093,Northern Brave,1.11,-0.07,1.128,0.031,,UP
1735710527093,Wellington Firebirds,11.0,4.4,8.4,2.375,,DOWN
1735710587073,Northern Brave,1.14,0.03,1.132,0.031,,DOWN
1735710587073,Wellington Firebirds,8.0,-3.0,7.8,1.881,SPIKE,DOWN
1735710647023,Northern Brave,1.13,-0.01,1.132,0.031,,UP
1735710647023,Wellington Firebirds,8.6,0.6,8.2,1.772,SPIKE,DOWN
1735710707087,Northern Brave,1.11,-0.02,1.134,0.029,,UP
1735710707087,Wellington Firebirds,10.0,1.4,8.84,1.717,SPIKE,DOWN
1735710826214,Northern Brave,1.13,0.02,1.124,0.013,,DOWN
1735710826214,Wellington Firebirds,8.6,-1.4,9.24,1.228,SPIKE,UP
1735710887100,Northern Brave,1.11,-0.02,1.124,0.013,,UP
1735710887100,Wellington Firebirds,10.0,1.4,9.04,0.91,SPIKE,DOWN
1735710947061,Wellington Firebirds,9.2,-0.8,9.28,0.701,,UP
1735711007148,Northern Brave,1.1,-0.01,1.116,0.013,,UP
1735711007148,Wellington Firebirds,11.0,1.8,9.76,0.91,,DOWN
1735711066672,Northern Brave,1.11,0.01,1.112,0.011,,UP
1735711066672,Wellington Firebirds,9.2,-1.8,9.6,0.927,,UP
1735711127137,Wellington Firebirds,10.0,0.8,9.88,0.743,,DOWN
1735711187001,Northern Brave,1.06,-0.05,1.102,0.026,,UP
1735711187001,Wellington Firebirds,15.0,5.0,10.88,2.419,SPIKE,DOWN
1735711247094,Northern Brave,1.04,-0.02,1.084,0.032,,UP
1735711247094,Wellington Firebirds,26.0,11.0,14.24,6.942,SPIKE,DOWN
1735711307121,Northern Brave,1.05,0.01,1.072,0.031,,UP
1735711307121,Wellington Firebirds,21.0,-5.0,16.24,7.21,SPIKE,DOWN
1735711367106,Northern Brave,1.12,0.07,1.076,0.036,,DOWN
1735711367106,Wellington Firebirds,10.5,-10.5,16.5,6.91,,UP
1735711426959,Northern Brave,1.1,-0.02,1.074,0.034,,DOWN
1735711426959,Wellington Firebirds,10.0,-0.5,16.5,6.91,SPIKE,UP
1735711486918,Northern Brave,1.11,0.01,1.084,0.036,,DOWN
1735711547073,Northern Brave,1.13,0.02,1.102,0.031,,DOWN
1735711547073,Wellington Firebirds,8.6,-1.4,15.22,7.794,SPIKE,UP
1735711667119,Northern Brave,1.14,0.01,1.12,0.016,,DOWN
1735711667119,Wellington Firebirds,8.0,-0.6,11.62,5.341,SPIKE,UP
1735711727155,Northern Brave,1.13,-0.01,1.122,0.016,,DOWN
1735711727155,Wellington Firebirds,8.6,0.6,9.14,1.057,SPIKE,UP
1735711787142,Northern Brave,1.17,0.04,1.136,0.022,,DOWN
1735711787142,Wellington Firebirds,6.6,-2.0,8.36,1.228,SPIKE,UP
1735711846968,Northern Brave,1.15,-0.02,1.144,0.017,,DOWN
1735711846968,Wellington Firebirds,7.6,1.0,7.88,0.832,SPIKE,UP
1735711907033,Northern Brave,1.1,-0.05,1.138,0.026,,UP
1735711907033,Wellington Firebirds,11.0,3.4,8.36,1.646,SPIKE,DOWN
1735711966878,Northern Brave,1.11,0.01,1.132,0.029,,UP
1735711966878,Wellington Firebirds,10.0,-1.0,8.76,1.774,SPIKE,DOWN
1735712027144,Wellington Firebirds,9.2,-0.8,8.88,1.781,SPIKE,DOWN
1735712087144,Wellington Firebirds,10.0,0.8,9.56,1.268,SPIKE,DOWN
1735712146961,Northern Brave,1.13,0.02,1.132,0.029,,UP
1735712146961,Wellington Firebirds,8.0,-2.0,9.64,1.117,SPIKE,UP
1735712207101,Northern Brave,1.06,-0.07,1.11,0.034,,UP
1735712207101,Wellington Firebirds,17.5,9.5,10.94,3.757,SPIKE,DOWN
1735712266986,Wellington Firebirds,21.0,3.5,13.14,5.757,SPIKE,DOWN
1735712327066,Wellington Firebirds,18.0,-3.0,14.9,5.595,SPIKE,DOWN
1735712387025,Northern Brave,1.07,0.01,1.094,0.029,,UP
1735712387025,Wellington Firebirds,15.0,-3.0,15.9,4.904,SPIKE,UP
1735712447096,Wellington Firebirds,13.5,-1.5,17.0,2.894,SPIKE,UP
1735712507032,Northern Brave,1.1,0.03,1.094,0.029,,DOWN
1735712507032,Wellington Firebirds,11.0,-2.5,15.7,3.899,SPIKE,UP
1735712566916,Northern Brave,1.11,0.01,1.094,0.029,,DOWN
1735712566916,Wellington Firebirds,9.4,-1.6,13.38,3.372,SPIKE,UP
1735712626979,Northern Brave,1.1,-0.01,1.088,0.022,,DOWN
1735712626979,Wellington Firebirds,10.0,0.6,11.78,2.386,SPIKE,UP
1735712687034,Northern Brave,1.14,0.04,1.104,0.025,,DOWN
1735712687034,Wellington Firebirds,8.6,-1.4,10.5,1.892,SPIKE,UP
1735712747087,Northern Brave,1.15,0.01,1.12,0.023,,DOWN
1735712747087,Wellington Firebirds,7.6,-1.0,9.32,1.301,SPIKE,UP
1735712807152,Northern Brave,1.06,-0.09,1.112,0.036,,UP
1735712807152,Wellington Firebirds,17.5,9.9,10.62,3.95,SPIKE,DOWN
1735712867114,Northern Brave,1.01,-0.05,1.092,0.058,,UP
1735712867114,Wellington Firebirds,140.0,122.5,36.74,57.855,SPIKE,DOWN
1735712927135,Wellington Firebirds,210.0,70.0,76.74,93.13,SPIKE,DOWN
1735712987139,Wellington Firebirds,160.0,-50.0,107.02,89.997,SPIKE,DOWN
1735713045460,Wellington Firebirds,140.0,-20.0,133.5,70.878,SPIKE,DOWN
1735713107133,Wellington Firebirds,640.0,500.0,258.0,215.453,SPIKE,DOWN
1735713223340,Wellington Firebirds,1000.0,360.0,430.0,378.946,SPIKE,DOWN
